treatment,cnt,mean,ci_lower,ci_upper
0,15863,11.98985488999577,11.78883783636023,12.185102225891194
1,15863,14.704650438671832,14.484529384286994,14.920338739795834
