index,coeff,ci_lower,ci_upper,tvals,pvals,rsquare,rsquare_adj,iv,dv
Intercept,-0.009846978712819037,-0.010166840276589808,-0.009527117149048267,-60.33805025133819,0.0,0.6907729543614116,0.6907716375602703,log_in_degree,social_status
log_in_degree,0.9317617472386978,0.9292403130295613,0.9342831814478342,724.2817888489944,0.0,0.6907729543614116,0.6907716375602703,log_in_degree,social_status
Intercept,-0.011433269926151105,-0.011750698155311573,-0.011115841696990637,-70.59521089049454,0.0,0.6989006828681079,0.6988994006777883,log_weak_SD,social_status
log_weak_SD,0.8981813071854828,0.8957968866347974,0.9005657277361683,738.2976491424135,0.0,0.6989006828681079,0.6988994006777883,log_weak_SD,social_status
Intercept,-0.010146252770790565,-0.010462021142188905,-0.009830484399392225,-62.97778469268165,0.0,0.6984395394577303,0.6984382553036945,log_strong_SD,social_status
log_strong_SD,0.9289971826149949,0.9265282520386555,0.9314661131913342,737.4895114041158,0.0,0.6984395394577303,0.6984382553036945,log_strong_SD,social_status
Intercept,-0.007616995261799153,-0.007962330924225372,-0.007271659599372935,-43.230731589880904,0.0,0.6404177044631638,0.640416173231068,log_answerCount,social_status
log_answerCount,0.7070294379640715,0.7048866624595087,0.7091722134686342,646.7123475655786,0.0,0.6404177044631638,0.640416173231068,log_answerCount,social_status
